drugbank_id	mondo_id
DB04564	0006678
DB04572	0008170
DB04572	0011508
DB04572	0001187
DB04572	0004379
DB04575	0001410
DB04575	0005387
DB05829	0001220
DB05812	0008315
DB05679	0005083
DB05630	0011989
DB04465	0009116
DB03166	0004795
DB05773	0006244
DB01069	0005642
DB01069	0005492
DB01069	0005324
DB01069	0006004
DB01068	0016532
DB01068	0005383
DB01067	0005148
DB01077	0005382
DB01077	0043455
DB01076	0002277
DB01076	0005347
DB01076	0018473
DB01076	0005098
DB01076	0018328
DB01076	0006021
DB01075	0013600
DB01075	0005642
DB01075	0005324
DB01075	0006004
DB01072	0005109
DB01070	0000313
DB01070	0001220
DB01070	0005520
DB13064	0011786
DB13064	0005709
DB13064	0005642
DB13064	0005324
DB13064	0006004
DB01088	0015924
DB01087	0005921
DB01086	0001461
DB01086	0005984
DB01085	0006875
DB01085	0005338
DB01084	0005642
DB01084	0005492
DB01083	0011122
DB01082	0001797
DB01082	0005777
DB01082	0005683
DB01082	0006052
DB01082	0018077
DB01082	0019095
DB01080	0018097
DB01098	0002277
DB01098	0005347
DB01098	0018473
DB01098	0005098
DB01098	0018328
DB01096	0015254
DB01095	0002277
DB01093	0018301
DB01091	0001461
DB01091	0001405
DB01091	0005984
DB01091	0005915
DB01029	0005044
DB01029	0005016
DB01026	0024343
DB01026	0001461
DB01026	0001405
DB01026	0015908
DB01026	0005984
DB01026	0005915
DB01026	0005886
DB01026	0042233
DB01026	0018312
DB02362	0016367
DB02362	0006594
DB02362	0005100
DB01023	0005044
DB01033	0012883
DB01033	0004967
DB01032	0002144
DB01031	0013600
DB01030	0008170
DB01030	0002974
DB01030	0008433
DB01037	0002009
DB01037	0005180
DB01036	0006624
DB01044	0025598
DB01044	0001080
DB01044	0004652
DB01044	0005972
DB01044	0005970
DB01044	0005867
DB01044	0005545
DB01042	0008170
DB01049	0001627
DB01048	0005109
DB01045	0040753
DB01045	0006052
DB01053	0000979
DB01053	0000744
DB01053	0001701
DB01053	0000265
DB01053	0000237
DB01053	0002897
DB01053	0040998
DB01053	0040925
DB01053	0040922
DB01053	0040923
DB01053	0001316
DB01053	0001266
DB01053	0041903
DB01053	0004944
DB01053	0002258
DB01053	0005952
DB01053	0005972
DB01053	0005976
DB01053	0042972
DB01053	0005901
DB01053	0016595
DB01053	0005822
DB01053	0005714
DB01053	0004497
DB01053	0006921
DB01053	0006941
DB01053	0005699
DB01053	0006913
DB01053	0005526
DB01053	0005545
DB01053	0004215
DB01053	0005504
DB01053	0006836
DB01053	0042452
DB01053	0005498
DB01053	0006669
DB01053	0005119
DB01053	0020544
DB01053	0018059
DB01053	0021680
DB01053	0006019
DB01053	0021201
DB01050	0008143
DB01050	0021146
DB01050	0008383
DB01050	0011827
DB01059	0045031
DB01059	0001964
DB01059	0001797
DB01059	0025598
DB01059	0040732
DB01059	0003781
DB01059	0001080
DB01059	0004795
DB01059	0002186
DB01059	0004652
DB01059	0005972
DB01059	0005970
DB01059	0005945
DB01059	0005867
DB01059	0030602
DB01059	0005619
DB01059	0006939
DB01059	0005545
DB01059	0004277
DB01059	0004264
DB01059	0042451
DB01059	0041095
DB01059	0020920
DB01059	0005280
DB01059	0005297
DB01059	0005247
DB01059	0005249
DB01059	0005119
DB01059	0019345
DB01059	0006032
DB01059	0021201
DB01058	0005884
DB01058	0015254
DB01057	0004896
DB01057	0005338
DB01057	0005041
DB01066	0004652
DB01066	0005972
DB01066	0005545
DB01065	0024376
DB01064	0000745
DB01064	0000465
DB01064	0005709
DB01063	0005485
DB01062	0001445
DB01062	0006624
DB01061	0000265
DB01061	0005247
DB01061	0021201
DB01060	0002258
DB01060	0041879
DB01060	0004652
DB01060	0005972
DB01060	0005945
DB01060	0030602
DB01060	0005545
DB01060	0020920
DB01060	0005247
DB01060	0021201
DB13036	0011786
DB01000	0003781
DB01000	0002258
DB01000	0005247
DB01000	0021201
DB02329	0003749
DB02329	0004247
DB01009	0008143
DB01009	0008383
DB01007	0006014
DB01005	0008170
DB01005	0005105
DB01004	0000878
DB01003	0011786
DB01003	0002313
DB01003	0002308
DB01003	0016586
DB01003	0005642
DB01003	0019085
DB01018	0005302
DB01018	0005044
DB01017	0001797
DB01017	0001249
DB01017	0003781
DB01017	0040728
DB01017	0015766
DB01017	0001080
DB01017	0002258
DB01017	0005961
DB01017	0005976
DB01017	0005888
DB01017	0005834
DB01017	0005777
DB01017	0005664
DB01017	0006921
DB01017	0005683
DB01017	0004277
DB01017	0004264
DB01017	0005247
DB01017	0005249
DB01017	0005119
DB01017	0005076
DB01017	0019633
DB01017	0019359
DB01017	0019360
DB01017	0006019
DB01017	0018077
DB01017	0019186
DB01017	0019095
DB01017	0021201
DB01016	0005148
DB01015	0005989
DB01015	0005808
DB01015	0017776
DB01015	0019345
DB01015	0019121
DB01022	0008159
DB01022	0013361
DB01022	0005298
DB01021	0005044
DB04931	0001676
DB04930	0001794
DB04930	0003482
DB04930	0003471
DB04930	0004525
DB04932	0019514
DB04942	0012883
DB04941	0045030
DB04946	0005090
DB13092	0001797
DB13092	0001249
DB13092	0003781
DB13092	0001080
DB13092	0002258
DB13092	0005961
DB13092	0005976
DB13092	0005888
DB13092	0005834
DB13092	0005777
DB13092	0006921
DB13092	0005683
DB13092	0005545
DB13092	0004277
DB13092	0004264
DB13092	0005247
DB13092	0005249
DB13092	0005119
DB13092	0019633
DB13092	0019359
DB13092	0019360
DB13092	0006019
DB13092	0019186
DB13092	0021201
DB13173	0015674
DB01188	0024343
DB01188	0001461
DB01188	0001405
DB01188	0005984
DB01188	0005915
DB01198	0013600
DB01197	0005044
DB01197	0005016
DB01195	0004981
DB01194	0006875
DB01194	0005338
DB01193	0005044
DB01191	0011122
DB01190	0024389
DB01190	0000265
DB01190	0005972
DB01190	0005970
DB01190	0005545
DB01190	0005316
DB01190	0021201
DB13167	0008383
DB13178	0017773
DB13178	0019975
DB13178	0005347
DB13179	0005972
DB13132	0005920
DB01149	0002009
DB01147	0002258
DB01147	0005961
DB01147	0005970
DB01147	0005545
DB01147	0021201
DB01146	0011786
DB01146	0005642
DB01146	0005492
DB01146	0007448
DB01146	0006004
DB01144	0001744
DB01144	0005338
DB01153	0005984
DB01151	0002050
DB01150	0003781
DB01150	0005545
DB01150	0021201
DB13125	0002049
DB01158	0000190
DB01157	0019121
DB01156	0000694
DB01156	0011122
DB01156	0002009
DB01156	0002050
DB01156	0008575
DB01155	0025598
DB01155	0004652
DB01155	0005972
DB01155	0005867
DB01155	0030602
DB01165	0045031
DB01165	0001964
DB01165	0001797
DB01165	0025598
DB01165	0040732
DB01165	0003781
DB01165	0001080
DB01165	0004795
DB01165	0002186
DB01165	0004652
DB01165	0005972
DB01165	0005970
DB01165	0005945
DB01165	0005867
DB01165	0005619
DB01165	0006939
DB01165	0005545
DB01165	0004277
DB01165	0004264
DB01165	0041095
DB01165	0020920
DB01165	0005280
DB01165	0005297
DB01165	0005247
DB01165	0005249
DB01165	0005119
DB01165	0019345
DB01165	0006032
DB01165	0021201
DB01164	0000745
DB01164	0003019
DB01162	0005044
DB01162	0010811
DB01169	0012883
DB01169	0018871
DB01167	0001648
DB01167	0016426
DB01167	0005657
DB01167	0042233
DB01167	0018312
DB01167	0044070
DB01166	0005295
DB01176	0011786
DB01176	0005709
DB01176	0005642
DB01176	0005324
DB01176	0006004
DB01175	0001942
DB01175	0002009
DB01174	0008000
DB01174	0040797
DB01174	0016532
DB01174	0005754
DB01174	0043537
DB01174	0005027
DB01172	0021108
DB01172	0004789
DB01172	0004652
DB01172	0005247
DB01172	0021201
DB01171	0002050
DB01170	0005044
DB13165	0006875
DB13165	0005041
DB13166	0005044
DB13164	0005233
DB13161	0001516
DB01177	0012883
DB01177	0018874
DB01185	0009421
DB01185	0009047
DB01185	0018997
DB01185	0006823
DB01185	0009710
DB01183	0005530
DB01182	0004981
DB13158	0002406
DB01109	0001243
DB01107	0013600
DB01106	0005642
DB01105	0011122
DB01104	0008114
DB01104	0001247
DB01104	0002050
DB01104	0005383
DB01104	0005146
DB01100	0007661
DB01110	0001461
DB01110	0001405
DB01110	0005984
DB01110	0005915
DB01110	0006014
DB01119	0024677
DB01119	0002177
DB01119	0005803
DB01118	0000190
DB01117	0005920
DB01117	0019121
DB01116	0006932
DB01115	0005044
DB01115	0006021
DB01114	0011786
DB01114	0005709
DB01114	0005642
DB01114	0005492
DB01114	0005324
DB01114	0007448
DB01114	0006004
DB01112	0001316
DB01112	0001080
DB01112	0002186
DB01112	0004652
DB01112	0005970
DB01112	0005945
DB01112	0004592
DB01112	0005545
DB01112	0004277
DB01112	0004264
DB01112	0020920
DB01112	0006670
DB01112	0021201
DB01111	0020920
DB01121	0005027
DB01120	0005148
DB01129	0016586
DB01129	0004247
DB01129	0019610
DB01129	0007186
DB01127	0001461
DB01127	0001405
DB01127	0005984
DB01127	0005915
DB01126	0010811
DB01124	0005148
DB03793	0016367
DB03793	0006594
DB03793	0005100
DB01122	0009688
DB01132	0005148
DB01131	0005920
DB01139	0005970
DB01139	0005945
DB01139	0005545
DB01139	0020920
DB01139	0006669
DB01139	0005247
DB01139	0005249
DB01139	0021201
DB01138	0002144
DB01137	0025598
DB01137	0002186
DB01137	0004652
DB01137	0005972
DB01137	0005970
DB01137	0005867
DB01137	0006939
DB01137	0005545
DB01137	0005119
DB01137	0021201
DB01136	0005044
DB01133	0005382
DB01142	0024613
DB01142	0013600
DB01142	0002050
DB01141	0001648
DB01141	0042233
DB01141	0044070
DB01140	0005545
DB01140	0005247
DB01140	0021201
DB03754	0005642
DB03808	0005629
DB04786	0005459
DB03404	0008294
DB04896	0005546
DB04895	0005417
DB04897	0009971
DB04861	0005044
DB04854	0002144
DB04855	0004981
DB04871	0011122
DB04876	0005148
DB04878	0005148
DB04878	0018150
DB04890	0005642
DB04812	0008383
DB04816	0002203
DB04815	0001461
DB04815	0001405
DB04815	0005984
DB04818	0002050
DB04819	0011786
DB04819	0005642
DB04819	0005492
DB04819	0007448
DB04819	0006004
DB04823	0002203
DB04830	0005148
DB04831	0005044
DB04836	0002050
DB04837	0011786
DB04837	0005709
DB04837	0003014
DB04837	0006004
DB04843	0001126
DB04843	0004247
DB04842	0005090
DB04845	0004989
DB04844	0007739
DB04846	0005044
DB04908	0001821
DB04918	0021201
DB04920	0005044
DB04924	0005001
DB12161	0010096
DB12161	0007739
DB00178	0005098
DB00178	0005044
DB00177	0005044
DB00176	0008114
DB00176	0001247
DB00186	0002125
DB00186	0016532
DB00186	0005383
DB00184	0019975
DB00184	0008575
DB00182	0021107
DB00182	0011122
DB00182	0005302
DB00180	0011786
DB00189	0013600
DB00188	0018876
DB00187	0004981
DB00197	0005148
DB00196	0001648
DB00196	0005886
DB00196	0005723
DB00196	0042233
DB00196	0006014
DB00196	0044070
DB00195	0006875
DB00195	0005338
DB00195	0005044
DB00194	0015288
DB00193	0008143
DB00191	0011122
DB00191	0005468
DB00190	0001945
DB00190	0005180
DB12184	0002009
DB00199	0021108
DB00199	0025598
DB00199	0001548
DB00199	0001080
DB00199	0004854
DB00199	0004789
DB00199	0004652
DB00199	0005972
DB00199	0005976
DB00199	0005867
DB00199	0005808
DB00199	0005545
DB00199	0005504
DB00199	0004277
DB00199	0004264
DB00199	0005297
DB00199	0005247
DB00199	0005077
DB00199	0021201
DB12190	0024355
DB00139	0001356
DB00137	0006733
DB00137	0005150
DB00136	0000313
DB00136	0001220
DB00136	0006946
DB00133	0005338
DB00133	0006052
DB00140	0024298
DB12131	0001627
DB00146	0000313
DB00146	0006946
DB00146	0005520
DB00145	0011786
DB00145	0005709
DB00145	0003014
DB00153	0008159
DB00153	0024298
DB00153	0001220
DB00153	0001068
DB00153	0005520
DB00153	0005298
DB00153	0010619
DB00152	0010198
DB00152	0024298
DB00152	0020696
DB00152	0008228
DB01483	0013600
DB00151	0003781
DB00151	0004822
DB00151	0018741
DB00151	0019065
DB00159	0005347
DB00158	0001860
DB00158	0024298
DB00158	0001356
DB00162	0024298
DB00162	0007016
DB00169	0008159
DB00169	0024298
DB00169	0001220
DB00169	0001068
DB00169	0005520
DB00169	0005298
DB00175	0002277
DB00175	0005347
DB00175	0018473
DB00175	0005098
DB12148	0006784
DB01421	0001548
DB00109	0005109
DB00108	0005301
DB00108	0009960
DB00107	0041526
DB01437	0013600
DB00105	0018935
DB00105	0005231
DB00105	0005105
DB01436	0001741
DB01436	0001220
DB01436	0006946
DB00104	0019933
DB00104	0006689
DB00103	0010526
DB01433	0005530
DB01432	0021187
DB00100	0010604
DB01430	0005002
DB00115	0001860
DB00115	0024298
DB00115	0001356
DB00115	0020696
DB00115	0008228
DB00112	0002158
DB00112	0002087
DB00112	0005131
DB00112	0018364
DB00112	0018177
DB00111	0005314
DB00110	0001577
DB00128	0003019
DB00126	0006661
DB00122	0013600
DB00121	0000461
DB00130	0015183
DB01527	0005351
DB00209	0006624
DB00207	0001797
DB00207	0025598
DB00207	0001080
DB00207	0041879
DB00207	0004652
DB00207	0005972
DB00207	0005867
DB00207	0005545
DB00206	0005485
DB00206	0005044
DB00205	0005989
DB00205	0005136
DB00204	0004981
DB00203	0015924
DB00203	0005362
DB00201	0011786
DB00201	0021146
DB00201	0008000
DB00201	0040797
DB00201	0005709
DB00201	0043537
DB00200	0018754
DB00200	0020696
DB00200	0008228
DB00299	0005609
DB00299	0043653
DB00259	0006014
DB00259	0007019
DB00258	0000745
DB01589	0013600
DB00257	0001461
DB00257	0001405
DB00257	0005984
DB00257	0005915
DB00257	0005886
DB00257	0006014
DB01588	0013600
DB01586	0012672
DB01586	0005388
DB00254	0024472
DB00254	0001701
DB00254	0001797
DB00254	0001249
DB00254	0003781
DB00254	0001125
DB00254	0015766
DB00254	0001080
DB00254	0002258
DB00254	0005961
DB00254	0004652
DB00254	0005976
DB00254	0005888
DB00254	0005834
DB00254	0005867
DB00254	0016595
DB00254	0005777
DB00254	0005701
DB00254	0005664
DB00254	0006921
DB00254	0006956
DB00254	0005680
DB00254	0005683
DB00254	0004215
DB00254	0004277
DB00254	0004264
DB00254	0005297
DB00254	0005119
DB00254	0019633
DB00254	0019359
DB00254	0019360
DB00254	0019365
DB00254	0006019
DB00254	0018077
DB00254	0019186
DB00254	0021201
DB00253	0004773
DB00253	0004577
DB00253	0005642
DB00253	0006814
DB00253	0006604
DB00253	0020283
DB00263	0001797
DB00263	0001249
DB00263	0005920
DB00263	0005808
DB00263	0017776
DB00263	0005247
DB00263	0018059
DB00262	0011508
DB00262	0001657
DB00262	0002501
DB00261	0005029
DB01592	0001860
DB01592	0001356
DB01592	0001239
DB00260	0006052
DB01591	0006624
DB01590	0001734
DB01590	0004989
DB01590	0004555
DB01590	0005086
DB12233	0008383
DB00268	0005391
DB00268	0005180
DB01599	0021187
DB01598	0000918
DB01598	0004652
DB01598	0006669
DB01598	0021201
DB00266	0000831
DB00266	0006809
DB00266	0005068
DB01597	0000918
DB01597	0004652
DB01597	0006669
DB01597	0021201
DB00265	0004525
DB00264	0005542
DB00264	0005044
DB00264	0005068
DB01595	0013600
DB00274	0005970
DB00274	0005247
DB00274	0005249
DB00274	0021201
DB00273	0016532
DB00273	0005754
DB00270	0005044
DB12248	0004849
DB12243	0004976
DB13595	0004247
DB13595	0007186
DB00279	0002108
DB00279	0005420
DB00279	0005397
DB00279	0018612
DB00279	0007681
DB00279	0009718
DB00275	0005044
DB00285	0001942
DB00285	0001247
DB00285	0002009
DB00285	0005383
DB00284	0005148
DB00283	0011786
DB00283	0005642
DB00283	0005492
DB00283	0007448
DB00283	0006004
DB00282	0005382
DB00282	0043455
DB00281	0001794
DB00281	0004872
DB00281	0003471
DB00281	0004525
DB00281	0041052
DB00281	0021667
DB00289	0005302
DB00288	0005480
DB00288	0006554
DB00288	0006547
DB00288	0019558
DB00287	0006875
DB00287	0005338
DB00291	0018906
DB00290	0011508
DB00290	0002974
DB00290	0001325
DB00290	0018906
DB00290	0005096
DB12267	0005233
DB00218	0025598
DB00218	0005956
DB00218	0004652
DB00218	0005972
DB00218	0005970
DB00218	0005945
DB00218	0005867
DB00218	0030602
DB00218	0005545
DB00218	0021201
DB00216	0008000
DB00215	0001942
DB00215	0002009
DB00215	0002050
DB00214	0005044
DB01545	0002050
DB00213	0004247
DB00213	0019610
DB00213	0007186
DB00211	0005469
DB01550	0011122
DB00227	0021187
DB00227	0002277
DB00227	0017773
DB00227	0005347
DB00226	0005044
DB01556	0011122
DB00224	0005109
DB00223	0005480
DB00223	0006554
DB00223	0006547
DB00223	0019558
DB00222	0005148
DB00220	0005109
DB01551	0011786
DB01551	0005709
DB01551	0003014
DB00230	0001942
DB00230	0005546
DB00230	0041052
DB00239	0001461
DB00239	0001405
DB00239	0005984
DB00239	0005915
DB00238	0005109
DB00237	0013600
DB00234	0002009
DB00233	0006052
DB00232	0005044
DB01563	0013600
DB00231	0013600
DB00240	0005480
DB00240	0006554
DB00240	0006547
DB00240	0019558
DB12214	0005148
DB12230	0001134
DB00249	0015288
DB00248	0005804
DB01579	0011122
DB00246	0024612
DB00246	0005090
DB01577	0011122
DB01577	0005302
DB00245	0001945
DB00245	0005180
DB01576	0021107
DB01576	0005302
DB00244	0005101
DB00244	0007005
DB00242	0018935
DB00242	0005314
DB00252	0002125
DB00252	0016532
DB00252	0005754
DB00252	0041284
DB00252	0005384
DB00252	0005027
DB00251	0006014
DB00250	0015614
DB00250	0005124
DB01580	0005044
DB12225	0005231
DB01627	0024313
DB01627	0005114
DB01627	0021680
DB01626	0005044
DB01625	0004247
DB01624	0005090
DB01623	0005090
DB01621	0005090
DB01620	0011786
DB01620	0021146
DB01620	0005709
DB01620	0005642
DB01620	0005492
DB01620	0005324
DB01620	0007448
DB01620	0006004
DB00309	0004967
DB00309	0005105
DB00309	0008903
DB00306	0013600
DB00305	0006047
DB00303	0024412
DB00303	0004652
DB00303	0005972
DB00302	0005133
DB00300	0005109
DB00319	0040732
DB00319	0001080
DB00319	0004652
DB00319	0005945
DB00319	0005649
DB00319	0005545
DB00319	0004277
DB00319	0004264
DB00319	0020920
DB00319	0005247
DB00319	0021201
DB00318	0011786
DB00318	0021146
DB00318	0005709
DB00318	0003014
DB00317	0005233
DB00316	0011786
DB00316	0021146
DB00316	0008000
DB00316	0005709
DB00315	0008000
DB00314	0006052
DB00313	0024612
DB00313	0005027
DB00312	0013600
DB00312	0002125
DB00312	0005027
DB00310	0005044
DB13620	0003019
DB00328	0008143
DB00328	0002471
DB00328	0002400
DB00328	0004855
DB00328	0004857
DB00328	0005554
DB00328	0005306
DB00328	0008383
DB00328	0011827
DB00327	0005709
DB00326	0000745
DB00325	0001133
DB00325	0005044
DB00324	0004773
DB00324	0004577
DB00324	0005642
DB00324	0006814
DB00324	0006604
DB00324	0020283
DB00323	0005180
DB00322	0002691
DB00321	0002050
DB00321	0041086
DB00320	0008000
DB00320	0040797
DB00320	0043537
DB02925	0005044
DB01609	0019402
DB01607	0000744
DB01607	0000265
DB01607	0003619
DB01607	0004652
DB01607	0005970
DB01607	0005945
DB01607	0005545
DB01607	0020920
DB01607	0005247
DB01607	0021201
DB01606	0004652
DB01606	0005649
DB01606	0005545
DB01606	0021201
DB01603	0005961
DB01603	0005970
DB01603	0021201
DB01601	0005109
DB01600	0008143
DB01600	0008383
DB01619	0011786
DB01619	0005642
DB01619	0005492
DB01619	0007448
DB01619	0006004
DB01618	0005090
DB01615	0013600
DB01612	0018754
DB01611	0001943
DB01611	0001601
DB01611	0005920
DB01611	0005921
DB01611	0007915
DB01611	0019558
DB01611	0008383
DB01268	0011719
DB01268	0005086
DB01267	0005485
DB01267	0005090
DB01275	0005044
DB01274	0004849
DB01274	0005607
DB01274	0005002
DB01271	0010674
DB01270	0004728
DB01270	0005417
DB01270	0041093
DB01270	0005266
DB01279	0009661
DB01277	0009877
DB01285	0018229
DB01285	0018097
DB01284	0000004
DB01283	0008143
DB01282	0008300
DB01281	0011429
DB01281	0008383
DB01280	0003540
DB01280	0044917
DB13257	0001860
DB13257	0024298
DB13257	0001356
DB13257	0001239
DB01289	0005148
DB01291	0003781
DB01291	0004822
DB01291	0004849
DB01291	0005275
DB01229	0008170
DB01229	0004989
DB01229	0006875
DB01229	0005338
DB01229	0005233
DB01229	0005044
DB01229	0005055
DB01227	0005530
DB01224	0024612
DB01224	0024613
DB01224	0004985
DB01224	0005090
DB01223	0003781
DB01223	0004849
DB01223	0005275
DB01222	0011786
DB01222	0009960
DB01230	0005302
DB01239	0005090
DB01238	0024612
DB01238	0005090
DB01237	0005709
DB01234	0011786
DB01234	0009410
DB01234	0011508
DB01234	0000004
DB01234	0015898
DB01234	0002471
DB01234	0001198
DB01234	0015614
DB01234	0002307
DB01234	0004967
DB01234	0004855
DB01234	0004795
DB01234	0004773
DB01234	0002081
DB01234	0004577
DB01234	0005848
DB01234	0015253
DB01234	0005642
DB01234	0006955
DB01234	0018906
DB01234	0003085
DB01234	0006814
DB01234	0042458
DB01234	0043789
DB01234	0005480
DB01234	0004126
DB01234	0041095
DB01234	0041093
DB01234	0006604
DB01234	0005301
DB01234	0005306
DB01234	0007915
DB01234	0006684
DB01234	0005377
DB01234	0005328
DB01234	0006651
DB01234	0005348
DB01234	0019801
DB01234	0006594
DB01234	0005265
DB01234	0006554
DB01234	0006545
DB01234	0006547
DB01234	0043455
DB01234	0005083
DB01234	0005093
DB01234	0043233
DB01234	0019558
DB01234	0019338
DB01234	0009960
DB01234	0007243
DB01234	0020283
DB01234	0020108
DB01234	0019122
DB01234	0019013
DB01234	0009691
DB01234	0008383
DB01233	0007186
DB01232	0005109
DB01242	0008114
DB01241	0005347
DB01240	0011786
DB01240	0015924
DB01240	0005709
DB01240	0003014
DB01240	0005149
DB13231	0008159
DB13231	0000745
DB13231	0005298
DB01248	0004989
DB01248	0005233
DB01248	0008315
DB01247	0002009
DB01246	0011786
DB01246	0005642
DB01246	0005492
DB01246	0007448
DB01246	0019013
DB01243	0024343
DB01252	0005148
DB01251	0005148
DB01257	0018641
DB01256	0004592
DB01255	0005582
DB01255	0005302
DB01254	0006115
DB01264	0005109
DB01263	0015908
DB01263	0016823
DB01263	0002026
DB01263	0016426
DB01263	0005657
DB01262	0018881
DB01262	0018874
DB01261	0005148
DB01260	0011786
DB01260	0004795
DB01260	0005480
DB01260	0006554
DB01260	0006547
DB01260	0019558
DB01260	0009960
DB01208	0025598
DB01208	0005867
DB01208	0005249
DB01204	0018874
DB01204	0005314
DB01203	0005044
DB01201	0006052
DB01200	0001945
DB01200	0005804
DB01200	0019933
DB01200	0005180
DB01219	0018493
DB01218	0005920
DB01218	0005921
DB01216	0010811
DB01214	0006875
DB01214	0005338
DB01212	0000918
DB01212	0001797
DB01212	0024412
DB01212	0001316
DB01212	0041903
DB01212	0001080
DB01212	0004652
DB01212	0005970
DB01212	0005945
DB01212	0004471
DB01212	0006913
DB01212	0004277
DB01212	0004264
DB01212	0006753
DB01212	0020920
DB01212	0006670
DB01212	0018059
DB01212	0021201
DB01211	0025598
DB01211	0002186
DB01211	0004652
DB01211	0005972
DB01211	0005867
DB01211	0005545
DB01211	0021201
DB01210	0006875
DB01210	0005338
DB01220	0001711
DB03904	0024343
DB03904	0005915
DB03904	0005480
DB03904	0006547
DB12086	0005002
DB12081	0005417
DB00099	0008090
DB00099	0018542
DB12092	0010811
DB00059	0004967
DB01388	0005044
DB00056	0018874
DB00065	0005306
DB00065	0005101
DB00065	0009960
DB00065	0008383
DB01395	0001932
DB01395	0001410
DB00063	0005542
DB01394	0018088
DB01393	0021187
DB00061	0007064
DB00060	0005314
DB00068	0005314
DB00067	0024574
DB01397	0008143
DB01397	0021146
DB01397	0002471
DB01397	0002400
DB01397	0008383
DB00073	0011508
DB00073	0012105
DB00073	0019124
DB00073	0008383
DB00072	0006244
DB00078	0018906
DB00087	0005314
DB00085	0001684
DB00082	0019933
DB12070	0005132
DB00091	0006733
DB00091	0008383
DB00090	0001586
DB01349	0005044
DB00017	0008159
DB00017	0005382
DB01348	0005044
DB00015	0004781
DB00014	0005133
DB00013	0005279
DB01352	0013600
DB01351	0013600
DB01351	0002125
DB01351	0005027
DB01359	0005044
DB00027	0002307
DB00026	0011776
DB00026	0016168
DB00026	0008383
DB01357	0005133
DB01356	0008143
DB01356	0021146
DB01356	0024612
DB01356	0004985
DB01356	0008383
DB00023	0004967
DB00022	0005231
DB01353	0013600
DB00031	0004781
DB00030	0005147
DB00030	0005148
DB00038	0002049
DB00036	0010119
DB00036	0002244
DB00036	0010604
DB01367	0005180
DB00035	0024574
DB01365	0005468
DB01364	0011786
DB01364	0021146
DB01364	0003781
DB01364	0005709
DB01364	0005642
DB01364	0003014
DB01364	0005324
DB01364	0006004
DB00043	0044212
DB00041	0018874
DB00041	0005191
DB00049	0002144
DB00047	0005147
DB00047	0005148
DB00046	0005147
DB00046	0005148
DB01377	0008159
DB01377	0002203
DB01377	0005298
DB00053	0018150
DB00052	0006909
DB00052	0019499
DB00052	0008300
DB00051	0011429
DB00051	0005306
DB00051	0006559
DB00051	0005101
DB00051	0009960
DB00051	0008383
DB01382	0005148
DB01380	0011786
DB01380	0009410
DB01380	0011508
DB01380	0001461
DB01380	0001405
DB01380	0000004
DB01380	0002572
DB01380	0015898
DB01380	0002471
DB01380	0001198
DB01380	0002400
DB01380	0015614
DB01380	0002307
DB01380	0004967
DB01380	0004872
DB01380	0004855
DB01380	0004857
DB01380	0004795
DB01380	0004773
DB01380	0005984
DB01380	0002081
DB01380	0004577
DB01380	0005848
DB01380	0015253
DB01380	0005642
DB01380	0006955
DB01380	0018906
DB01380	0003085
DB01380	0005538
DB01380	0006814
DB01380	0042458
DB01380	0043789
DB01380	0005480
DB01380	0004126
DB01380	0041095
DB01380	0006604
DB01380	0005301
DB01380	0005306
DB01380	0007915
DB01380	0006684
DB01380	0005377
DB01380	0005328
DB01380	0019801
DB01380	0006594
DB01380	0005265
DB01380	0006554
DB01380	0006545
DB01380	0006547
DB01380	0043455
DB01380	0018479
DB01380	0005101
DB01380	0005083
DB01380	0005093
DB01380	0043233
DB01380	0019558
DB01380	0019338
DB01380	0009960
DB01380	0020283
DB01380	0020108
DB01380	0019122
DB01380	0007179
DB01380	0019013
DB01380	0009691
DB01380	0008383
DB13359	0002203
DB13359	0003019
DB12026	0005231
DB12023	0004802
DB01309	0005015
DB01307	0005015
DB01306	0005015
DB01328	0005545
DB01328	0005247
DB01328	0005249
DB01328	0021201
DB01327	0004789
DB01327	0004652
DB01327	0005970
DB01327	0006669
DB01327	0021201
DB01326	0005970
DB01326	0005545
DB01326	0020920
DB01326	0005247
DB01326	0005249
DB01326	0021201
DB01324	0005044
DB01330	0000918
DB01330	0024412
DB01330	0004652
DB01330	0005970
DB01330	0005545
DB01330	0004264
DB01330	0020920
DB01330	0021201
DB02659	0012672
DB02659	0004868
DB02659	0002203
DB02659	0008948
DB00009	0004781
DB00009	0005279
DB00008	0005231
DB00007	0000088
DB00007	0005133
DB00005	0011429
DB00005	0005306
DB00005	0008383
DB00003	0009061
DB00002	0021063
DB00002	0000536
DB00002	0004958
DB00002	0005595
DB01333	0002258
DB01333	0005970
DB01333	0005545
DB01333	0005280
DB01333	0005247
DB01333	0005249
DB01333	0021201
DB01332	0021108
DB01332	0024412
DB01332	0001316
DB01332	0001080
DB01332	0005970
DB01332	0005945
DB01332	0005545
DB01332	0004277
DB01332	0004264
DB01332	0020920
DB01332	0005247
DB01332	0005249
DB01332	0021201
DB01331	0000918
DB01331	0000744
DB01331	0024412
DB01331	0001080
DB01331	0004652
DB01331	0005970
DB01331	0005945
DB01331	0005545
DB01331	0004277
DB01331	0004264
DB01331	0020920
DB01331	0021201
DB00010	0006909
DB01340	0005044
DB01409	0004849
DB01409	0005607
DB01406	0005133
DB01401	0008143
DB01401	0008383
DB01400	0009688
DB01418	0005279
DB01418	0008559
DB01416	0001080
DB01416	0002258
DB01416	0002186
DB01416	0004652
DB01416	0005972
DB01416	0005545
DB01416	0004277
DB01416	0021201
DB01413	0040732
DB01413	0004652
DB01413	0005972
DB01413	0005545
DB01411	0011786
DB01410	0011786
DB01410	0005324
DB02701	0019975
DB02703	0024472
DB02703	0001701
DB02703	0001797
DB02703	0024313
DB02703	0001249
DB02703	0040732
DB02703	0003781
DB02703	0001125
DB02703	0015766
DB02703	0001080
DB02703	0002307
DB02703	0004926
DB02703	0002258
DB02703	0004789
DB02703	0004768
DB02703	0005961
DB02703	0004652
DB02703	0005976
DB02703	0005970
DB02703	0005945
DB02703	0005888
DB02703	0005898
DB02703	0005834
DB02703	0005867
DB02703	0016595
DB02703	0005777
DB02703	0005701
DB02703	0005642
DB02703	0005664
DB02703	0006921
DB02703	0006956
DB02703	0005680
DB02703	0005683
DB02703	0005545
DB02703	0004215
DB02703	0004277
DB02703	0004264
DB02703	0006604
DB02703	0020920
DB02703	0006651
DB02703	0006670
DB02703	0005297
DB02703	0005247
DB02703	0005249
DB02703	0006552
DB02703	0005114
DB02703	0005119
DB02703	0019633
DB02703	0019359
DB02703	0019360
DB02703	0021680
DB02703	0019365
DB02703	0006019
DB02703	0018077
DB02703	0020283
DB02703	0019186
DB02703	0021201
DB11264	0000745
DB12598	0009061
DB00579	0011122
DB00578	0005280
DB00578	0005247
DB00577	0005770
DB00577	0005700
DB00577	0005609
DB00577	0043653
DB00576	0019345
DB00576	0019121
DB00575	0005302
DB00575	0005338
DB00575	0005044
DB00574	0011122
DB00573	0008143
DB00573	0008383
DB00582	0001648
DB00582	0016426
DB00582	0042233
DB00582	0044070
DB00581	0001711
DB00581	0002203
DB12553	0024343
DB12553	0001280
DB12553	0005480
DB12553	0006554
DB12553	0006547
DB12553	0019558
DB13884	0010604
DB12554	0005052
DB11222	0045011
DB11222	0023597
DB00589	0008000
DB00589	0019933
DB00588	0011786
DB00588	0004849
DB00588	0004784
DB00588	0004765
DB00588	0005480
DB00588	0006554
DB00588	0006547
DB00588	0019558
DB00586	0008143
DB00586	0005306
DB00586	0008383
DB00585	0001126
DB00585	0006896
DB00585	0004247
DB00585	0007186
DB00592	0005746
DB00592	0005654
DB00590	0005044
DB00590	0010811
DB13896	0005105
DB00599	0009468
DB00599	0005027
DB00598	0005044
DB00596	0005480
DB00596	0006554
DB00596	0006547
DB00596	0019558
DB00595	0001249
DB00595	0003781
DB00595	0001125
DB00595	0001080
DB00595	0002258
DB00595	0005961
DB00595	0005976
DB00595	0005888
DB00595	0005834
DB00595	0005777
DB00595	0006921
DB00595	0005683
DB00595	0004264
DB00595	0005247
DB00595	0005249
DB00595	0005119
DB00595	0019633
DB00595	0019359
DB00595	0019360
DB00595	0006019
DB00595	0019186
DB00595	0021201
DB00594	0005044
DB11248	0006661
DB00657	0005044
DB00656	0002009
DB00655	0001410
DB00654	0006875
DB00654	0005338
DB00653	0001072
DB00653	0002203
DB00651	0004849
DB00651	0005607
DB00650	0001700
DB00669	0008000
DB00669	0043537
DB00668	0003781
DB00668	0004822
DB00668	0004849
DB00668	0005468
DB00668	0005338
DB00666	0000088
DB00666	0005133
DB00663	0005480
DB00663	0006554
DB00663	0006547
DB00663	0019558
DB00661	0004981
DB00661	0005542
DB00661	0005044
DB00661	0006021
DB00670	0004247
DB11315	0011786
DB11315	0005709
DB11315	0005052
DB11315	0006004
DB09010	0021063
DB00678	0005044
DB00678	0005016
DB09014	0005618
DB09013	0006875
DB09013	0005338
DB00675	0004953
DB00675	0004379
DB00672	0005148
DB00671	0003781
DB00671	0001080
DB00671	0002258
DB00671	0004277
DB00671	0005247
DB09016	0002050
DB00681	0001648
DB00681	0001249
DB00681	0003781
DB00681	0001080
DB00681	0002258
DB00681	0002026
DB00681	0005961
DB00681	0005976
DB00681	0005886
DB00681	0005888
DB00681	0005834
DB00681	0005777
DB00681	0005724
DB00681	0005657
DB00681	0006921
DB00681	0005683
DB00681	0004277
DB00681	0042484
DB00681	0042433
DB00681	0005445
DB00681	0006764
DB00681	0042233
DB00681	0005247
DB00681	0005249
DB00681	0005119
DB00681	0019633
DB00681	0018312
DB00681	0019359
DB00681	0019360
DB00681	0006019
DB00681	0019136
DB00681	0019186
DB00681	0044070
DB00681	0011989
DB00681	0021201
DB09020	0002203
DB09026	0005044
DB00687	0009410
DB00687	0015898
DB00686	0018301
DB00685	0025598
DB00685	0040732
DB00685	0001080
DB00685	0005970
DB00685	0005867
DB00685	0004264
DB00685	0042451
DB00685	0005247
DB00685	0021201
DB00684	0002307
DB00684	0004926
DB00684	0004768
DB00684	0005970
DB00684	0005945
DB00684	0005642
DB00684	0005545
DB00684	0006604
DB00684	0020920
DB00684	0006651
DB00684	0006670
DB00684	0020283
DB00682	0000831
DB00682	0006809
DB09027	0005231
DB00691	0005044
DB00690	0013600
DB00619	0011719
DB00619	0016586
DB00619	0006115
DB00619	0011934
DB00619	0011895
DB00618	0001797
DB00618	0001249
DB00618	0003781
DB00618	0001080
DB00618	0002258
DB00618	0005961
DB00618	0005976
DB00618	0005888
DB00618	0005834
DB00618	0005777
DB00618	0006921
DB00618	0005683
DB00618	0005545
DB00618	0004277
DB00618	0004264
DB00618	0005247
DB00618	0005249
DB00618	0005119
DB00618	0019633
DB00618	0019359
DB00618	0019360
DB00618	0006019
DB00618	0019186
DB00618	0021201
DB00617	0005027
DB00612	0005044
DB00610	0005468
DB13928	0005148
DB13926	0015290
DB00629	0005044
DB00628	0005433
DB00627	0021187
DB00627	0024298
DB00627	0005347
DB00626	0002307
DB00626	0003085
DB00625	0005109
DB00624	0009421
DB00624	0009047
DB00624	0006823
DB00624	0005387
DB00624	0018555
DB00624	0005152
DB00623	0005485
DB00623	0005090
DB00622	0005044
DB00620	0011786
DB00620	0009410
DB00620	0011508
DB00620	0000004
DB00620	0002572
DB00620	0015898
DB00620	0002471
DB00620	0001198
DB00620	0002400
DB00620	0040698
DB00620	0015614
DB00620	0004967
DB00620	0004855
DB00620	0004857
DB00620	0002081
DB00620	0005848
DB00620	0015253
DB00620	0006955
DB00620	0018906
DB00620	0042458
DB00620	0043789
DB00620	0005480
DB00620	0004126
DB00620	0005301
DB00620	0005306
DB00620	0007915
DB00620	0006684
DB00620	0005377
DB00620	0005324
DB00620	0005328
DB00620	0005348
DB00620	0005340
DB00620	0019801
DB00620	0006572
DB00620	0006594
DB00620	0005265
DB00620	0006554
DB00620	0006545
DB00620	0006547
DB00620	0043455
DB00620	0018479
DB00620	0005083
DB00620	0005093
DB00620	0043233
DB00620	0019558
DB00620	0019338
DB00620	0009960
DB00620	0020283
DB00620	0020108
DB00620	0019122
DB00620	0019198
DB00620	0007179
DB00620	0019013
DB00620	0009691
DB00620	0008383
DB13931	0006875
DB13931	0005338
DB00639	0006014
DB00637	0011786
DB00637	0005642
DB00637	0044212
DB00636	0021187
DB00635	0011786
DB00635	0009410
DB00635	0011508
DB00635	0000004
DB00635	0015898
DB00635	0001198
DB00635	0015614
DB00635	0004967
DB00635	0002081
DB00635	0015253
DB00635	0006955
DB00635	0018906
DB00635	0042458
DB00635	0043789
DB00635	0005480
DB00635	0004126
DB00635	0005301
DB00635	0005306
DB00635	0007915
DB00635	0005377
DB00635	0006594
DB00635	0005265
DB00635	0006545
DB00635	0043455
DB00635	0005083
DB00635	0005093
DB00635	0043233
DB00635	0019338
DB00635	0009960
DB00635	0020108
DB00635	0019122
DB00635	0007179
DB00635	0019013
DB00635	0009691
DB00635	0008383
DB00634	0024343
DB00634	0001249
DB00634	0002307
DB00634	0004773
DB00634	0005808
DB00634	0020283
DB00634	0007019
DB00632	0043653
DB00631	0004967
DB00630	0008159
DB00630	0005382
DB00649	0005109
DB00646	0005886
DB00646	0006014
DB00643	0005996
DB00643	0005746
DB00643	0005654
DB00642	0005233
DB00642	0005112
DB00641	0002277
DB00641	0017773
DB00641	0005347
DB00641	0018473
DB00641	0005098
DB00641	0018328
DB12625	0005148
DB01914	0004946
DB00609	0006052
DB00608	0001943
DB00608	0001601
DB00608	0005920
DB00608	0005921
DB00608	0007915
DB00608	0019558
DB00608	0008383
DB00607	0024313
DB00607	0005970
DB00607	0005545
DB00607	0021201
DB00605	0008143
DB00605	0002471
DB00605	0004857
DB00605	0005306
DB00605	0008383
DB00604	0007186
DB00603	0008159
DB00603	0001410
DB00603	0002447
DB00603	0005133
DB00602	0017137
DB00601	0005970
DB00601	0005545
DB13919	0005044
DB09072	0021107
DB09071	0019137
DB09070	0008159
DB09077	0005072
DB09076	0005002
DB09075	0005279
DB09074	0008170
DB09074	0002229
DB09074	0002087
DB09079	0005233
DB09078	0005086
DB09078	0005075
DB09078	0005034
DB09082	0004849
DB09082	0005607
DB09082	0005002
DB09081	0010788
DB09087	0004247
DB09087	0007186
DB09080	0005002
DB09093	0001249
DB09093	0004854
DB09098	0006909
DB09096	0005480
DB09096	0006554
DB09096	0006547
DB09033	0005101
DB09033	0009960
DB09031	0005445
DB09030	0005098
DB09037	0005233
DB09037	0005191
DB09036	0015564
DB09035	0005233
DB09035	0005191
DB09035	0005097
DB09034	0013600
DB00696	0008000
DB00696	0040797
DB00696	0043537
DB00695	0005044
DB00694	0012883
DB00694	0004967
DB00694	0017858
DB00694	0018874
DB00694	0005055
DB09039	0018150
DB09038	0005148
DB11348	0008159
DB11348	0005298
DB11362	0015924
DB09043	0005148
DB09047	0001051
DB09046	0012104
DB09046	0006536
DB09046	0019193
DB09045	0005148
DB11359	0005709
DB11359	0003014
DB09051	0009659
DB09050	0005247
DB09054	0018906
DB09053	0018876
DB09053	0020547
DB11363	0005233
DB11365	0002203
DB09060	0006939
DB09065	0005109
DB09063	0005233
DB09068	0002009
DB09114	0009971
DB00776	0005384
DB09113	0009971
DB00775	0005542
DB09112	0018754
DB00774	0005044
DB00773	0005447
DB00773	0008433
DB09118	0011794
DB00772	0003471
DB00771	0009172
DB00771	0005052
DB00770	0011514
DB00770	0005362
DB00770	0007345
DB00770	0008542
DB00780	0002050
DB09121	0008383
DB00788	0008143
DB00788	0021146
DB00788	0008000
DB00788	0002471
DB00788	0004857
DB00788	0005306
DB00788	0008383
DB09125	0001909
DB09125	0003019
DB00787	0004609
DB00787	0005770
DB00787	0005700
DB00787	0005609
DB00787	0043653
DB09122	0005314
DB00783	0008159
DB00783	0001932
DB00783	0001410
DB00783	0005387
DB09128	0002009
DB09128	0005090
DB00782	0004247
DB00781	0002307
DB00781	0004795
DB00781	0003085
DB00781	0005247
DB00781	0020283
DB00791	0011508
DB00790	0005044
DB00799	0005083
DB00798	0040732
DB00798	0002307
DB00798	0004926
DB00798	0004789
DB00798	0004652
DB00798	0005945
DB00798	0005898
DB00798	0020920
DB00798	0006670
DB00798	0006552
DB00798	0021201
DB00797	0022430
DB00797	0011057
DB00797	0005385
DB00795	0005101
DB00795	0008383
DB00794	0016532
DB00794	0005754
DB00794	0005384
DB00794	0005027
DB00793	0001461
DB00793	0001405
DB00793	0005984
DB00792	0011786
DB00792	0005642
DB00792	0005492
DB00792	0007448
DB00792	0006004
DB09143	0005341
DB09146	0000328
DB12789	0041526
DB00738	0005459
DB00738	0019121
DB00735	0001461
DB00735	0001405
DB00735	0005984
DB00734	0024612
DB00734	0005090
DB00731	0005148
DB00730	0005996
DB00730	0005988
DB00730	0005746
DB00730	0005654
DB00730	0042458
DB00730	0018500
DB12710	0005746
DB12710	0005654
DB12710	0005090
DB00749	0008143
DB00749	0008383
DB00748	0011786
DB00748	0005709
DB00748	0005642
DB00748	0005492
DB00748	0005324
DB00748	0007448
DB00748	0006004
DB00747	0011786
DB00747	0004773
DB00747	0005709
DB00747	0005555
DB00747	0004247
DB00747	0005052
DB00747	0006004
DB00747	0020283
DB00745	0021107
DB00744	0004784
DB00744	0004765
DB00742	0009468
DB00742	0009061
DB00742	0006875
DB00742	0006684
DB00741	0011786
DB00741	0009410
DB00741	0011508
DB00741	0001461
DB00741	0001405
DB00741	0000004
DB00741	0002572
DB00741	0015898
DB00741	0002471
DB00741	0001198
DB00741	0002400
DB00741	0015614
DB00741	0002307
DB00741	0004967
DB00741	0004872
DB00741	0004855
DB00741	0004857
DB00741	0004795
DB00741	0004773
DB00741	0005984
DB00741	0002081
DB00741	0004577
DB00741	0015253
DB00741	0005642
DB00741	0006955
DB00741	0003085
DB00741	0005538
DB00741	0006814
DB00741	0042458
DB00741	0043789
DB00741	0005480
DB00741	0004126
DB00741	0041095
DB00741	0006604
DB00741	0005301
DB00741	0005306
DB00741	0007915
DB00741	0006684
DB00741	0005377
DB00741	0005328
DB00741	0019801
DB00741	0006594
DB00741	0005265
DB00741	0006554
DB00741	0006545
DB00741	0006547
DB00741	0043455
DB00741	0005101
DB00741	0005083
DB00741	0043233
DB00741	0019558
DB00741	0019338
DB00741	0009960
DB00741	0020283
DB00741	0020108
DB00741	0019122
DB00741	0007179
DB00741	0019013
DB00741	0009691
DB00741	0008383
DB00740	0004976
DB00759	0001249
DB00759	0003781
DB00759	0001125
DB00759	0001080
DB00759	0002258
DB00759	0004854
DB00759	0005961
DB00759	0005976
DB00759	0005888
DB00759	0005834
DB00759	0005777
DB00759	0006921
DB00759	0005683
DB00759	0004277
DB00759	0004264
DB00759	0005247
DB00759	0005249
DB00759	0005119
DB00759	0019633
DB00759	0019359
DB00759	0019360
DB00759	0006019
DB00759	0019186
DB00759	0021201
DB00758	0041656
DB00758	0005542
DB00758	0006809
DB00755	0012883
DB00754	0005754
DB00752	0002009
DB00751	0005642
DB00768	0011786
DB00768	0005642
DB00768	0005324
DB00766	0041879
DB00766	0004652
DB00766	0005972
DB00766	0005970
DB00766	0005945
DB00766	0030602
DB00766	0005545
DB00766	0020920
DB00766	0005247
DB00766	0021201
DB09102	0005231
DB00764	0011786
DB00764	0004784
DB00764	0004765
DB00764	0005480
DB00764	0006554
DB00764	0006547
DB00764	0019558
DB09101	0005109
DB00763	0004425
DB00762	0041448
DB00762	0006047
DB00761	0002203
DB00761	0003019
DB00760	0001316
DB00760	0040732
DB00760	0006913
DB00760	0006670
DB00760	0018059
DB09104	0002203
DB09104	0004247
DB09104	0007186
DB00707	0005233
DB00707	0007576
DB00706	0010811
DB00705	0005109
DB00704	0011122
DB00703	0001744
DB00703	0005338
DB00701	0005109
DB00700	0005044
DB00709	0005109
DB00719	0011786
DB00719	0005709
DB00719	0005642
DB00719	0005492
DB00719	0005324
DB00719	0007448
DB00719	0006004
DB00717	0008159
DB00717	0001932
DB00717	0001410
DB00717	0005387
DB00717	0005133
DB00716	0005642
DB00715	0008114
DB00715	0001942
DB00715	0001247
DB00715	0002009
DB00715	0002050
DB00715	0005383
DB00715	0005146
DB00714	0005180
DB00713	0024313
DB00713	0002258
DB00713	0005961
DB00713	0005970
DB00713	0005545
DB00713	0021201
DB00712	0008143
DB00712	0008383
DB00711	0004802
DB00711	0016566
DB00711	0005761
DB00711	0017137
DB00710	0008159
DB00710	0001566
DB00726	0002050
DB00725	0004247
DB00725	0005052
DB00724	0002954
DB00723	0005468
DB00722	0005044
DB00722	0005068
DB12399	0008143
DB11087	0001794
DB11087	0003482
DB11087	0003471
DB11098	0003019
DB11098	0004247
DB11098	0007186
DB11093	0008159
DB11093	0005298
DB11089	0001860
DB11089	0001356
DB11089	0002203
DB13694	0001650
DB13694	0009688
DB00376	0001945
DB00376	0005180
DB00375	0021187
DB00374	0015924
DB00384	0005044
DB00383	0004247
DB00381	0005098
DB00381	0005044
DB00381	0006021
DB12354	0008143
DB00389	0004425
DB00389	0005364
DB00388	0011786
DB00388	0021146
DB00388	0004872
DB00388	0005709
DB00388	0005642
DB00388	0003014
DB00388	0005538
DB00388	0005324
DB00388	0006004
DB00387	0001945
DB00387	0005180
DB00385	0001187
DB00394	0011786
DB00394	0003014
DB00394	0006314
DB00394	0006004
DB00393	0005099
DB00391	0005090
DB00390	0004981
DB00390	0017863
DB12366	0009662
DB00399	0008159
DB00399	0005382
DB00399	0005298
DB00399	0043455
DB00398	0015075
DB00398	0005086
DB00397	0011786
DB00397	0005709
DB00397	0005642
DB00397	0003014
DB00397	0005324
DB00397	0006004
DB00396	0008159
DB00396	0001410
DB00396	0002447
DB00396	0005133
DB11063	0006733
DB11061	0006733
DB11060	0006733
DB00339	0044684
DB00339	0006052
DB00338	0001126
DB00338	0006896
DB00338	0004247
DB00338	0019610
DB00338	0007186
DB00335	0005044
DB00335	0005068
DB00334	0024612
DB00334	0024613
DB00334	0002009
DB00334	0005090
DB00332	0011786
DB00332	0003781
DB00332	0004849
DB00332	0005002
DB00331	0005148
DB00330	0006052
DB12319	0002144
DB13643	0013600
DB00349	0016532
DB00348	0010161
DB00347	0005027
DB00346	0010811
DB01677	0005083
DB00344	0002050
DB00343	0004981
DB00343	0005044
DB00343	0006021
DB00342	0011786
DB00342	0005709
DB00342	0005642
DB00342	0005324
DB00342	0006004
DB00342	0044212
DB00341	0011786
DB00341	0005709
DB00341	0005642
DB00341	0005324
DB00341	0006004
DB00341	0044212
DB00351	0002447
DB00350	0004907
DB00350	0005044
DB00359	0004674
DB00359	0005989
DB00359	0005715
DB00359	0005101
DB00358	0005921
DB00355	0000918
DB00355	0040732
DB00355	0005945
DB00355	0020920
DB00355	0005247
DB00355	0021201
DB01685	0002144
DB00352	0018874
DB00362	0001648
DB00362	0044070
DB00361	0005233
DB00360	0009861
DB12332	0008170
DB00368	0003781
DB00368	0004822
DB00368	0004849
DB00368	0005468
DB00368	0005469
DB00368	0005180
DB01698	0006661
DB00366	0011786
DB00366	0005709
DB00366	0005642
DB00366	0005492
DB00366	0005324
DB00366	0007448
DB00366	0006004
DB00365	0001080
DB00365	0005867
DB00365	0004277
DB00373	0006875
DB00373	0005338
DB00373	0005044
DB00370	0002009
DB13679	0011786
DB13679	0005642
DB13679	0005492
DB13679	0005324
DB13679	0007448
DB13679	0006004
DB00419	0018982
DB00419	0018150
DB00418	0013600
DB00418	0002125
DB00418	0005027
DB00417	0001266
DB00417	0002258
DB00417	0005952
DB00417	0005545
DB00417	0021201
DB00415	0001517
DB00415	0001080
DB00415	0002258
DB00415	0004789
DB00415	0005961
DB00415	0004652
DB00415	0005972
DB00415	0005970
DB00415	0005945
DB00415	0041366
DB00415	0006913
DB00415	0005545
DB00415	0004277
DB00415	0004264
DB00415	0006753
DB00415	0020920
DB00415	0006670
DB00415	0006669
DB00415	0005247
DB00415	0018059
DB00415	0019345
DB00415	0021201
DB00414	0005148
DB00413	0005391
DB00413	0005180
DB00411	0005338
DB00410	0004592
DB00429	0041526
DB00427	0011786
DB00427	0005709
DB00427	0005642
DB00427	0005492
DB00427	0005324
DB00427	0007448
DB00427	0006004
DB00425	0013600
DB00424	0004247
DB00422	0021107
DB00422	0005302
DB00421	0003009
DB00421	0005044
DB00420	0011786
DB00420	0024612
DB00420	0005642
DB00420	0005485
DB00420	0005492
DB00420	0005090
DB00420	0007448
DB00420	0019013
DB00420	0008294
DB13735	0005709
DB13735	0003014
DB00438	0000918
DB00438	0004652
DB00438	0005970
DB00438	0005945
DB00438	0005545
DB00438	0020920
DB00438	0006670
DB00438	0018059
DB00438	0021201
DB00437	0002144
DB00436	0005044
DB00435	0022430
DB00435	0005149
DB00434	0011786
DB00434	0005642
DB00434	0005492
DB00434	0007448
DB00433	0005090
DB00432	0021063
DB00432	0015288
DB00431	0001794
DB00431	0003471
DB00431	0004525
DB13749	0002203
DB12417	0005148
DB12412	0005148
DB00448	0001126
DB00448	0004247
DB00448	0019610
DB00448	0007186
DB00447	0003781
DB00447	0001110
DB00447	0002186
DB00447	0005247
DB00447	0005249
DB00447	0021201
DB00446	0000827
DB00446	0024472
DB00446	0001316
DB00446	0004795
DB00446	0006956
DB00446	0005619
DB00446	0018059
DB00445	0004989
DB00444	0004967
DB00443	0011786
DB00443	0009410
DB00443	0011508
DB00443	0001461
DB00443	0001405
DB00443	0000004
DB00443	0002572
DB00443	0015898
DB00443	0002471
DB00443	0001198
DB00443	0002400
DB00443	0015614
DB00443	0004967
DB00443	0004855
DB00443	0004857
DB00443	0005984
DB00443	0002081
DB00443	0005848
DB00443	0015253
DB00443	0006955
DB00443	0018906
DB00443	0042458
DB00443	0043789
DB00443	0005480
DB00443	0004126
DB00443	0006605
DB00443	0005301
DB00443	0005306
DB00443	0007915
DB00443	0006684
DB00443	0005377
DB00443	0005328
DB00443	0019801
DB00443	0006594
DB00443	0005265
DB00443	0006554
DB00443	0006545
DB00443	0006547
DB00443	0043455
DB00443	0018479
DB00443	0005083
DB00443	0005093
DB00443	0043233
DB00443	0019558
DB00443	0019338
DB00443	0009960
DB00443	0020108
DB00443	0019122
DB00443	0007179
DB00443	0019013
DB00443	0009691
DB00443	0008383
DB00441	0008170
DB00441	0005233
DB00441	0006047
DB00440	0002307
DB00440	0005247
DB00440	0019345
DB00440	0019121
DB01708	0007915
DB00408	0004985
DB00408	0005090
DB00406	0006014
DB00405	0011786
DB00405	0005642
DB00405	0005492
DB00405	0005324
DB00405	0007448
DB00405	0006004
DB00404	0001942
DB00404	0041086
DB00404	0005383
DB00402	0013600
DB00401	0005044
DB00400	0000242
DB00400	0001461
DB00400	0001405
DB00400	0005984
DB00496	0006624
DB00495	0005109
DB11160	0011786
DB11160	0005642
DB11160	0005492
DB11160	0005324
DB11160	0007448
DB11160	0006004
DB11156	0005746
DB11156	0005654
DB12498	0000430
DB11186	0011786
DB11186	0005709
DB11186	0003014
DB11186	0006004
DB11181	0004868
DB11181	0002203
DB11181	0005555
DB11181	0004247
DB11181	0005052
DB11181	0020283
DB00459	0005083
DB00458	0002050
DB00457	0005044
DB00456	0005247
DB00456	0005249
DB00456	0021201
DB00455	0011786
DB00455	0005709
DB00455	0005642
DB00455	0005324
DB00455	0006004
DB00455	0044212
DB01783	0006661
DB00451	0021187
DB00451	0002108
DB00451	0005420
DB00451	0005397
DB00451	0018612
DB00451	0009718
DB00461	0008143
DB00461	0008383
DB00460	0005417
DB11105	0004795
DB11105	0020283
DB11100	0024343
DB11100	0005083
DB00469	0005578
DB00468	0005920
DB00467	0001080
DB00467	0004277
DB00467	0005247
DB00465	0005642
DB00464	0008638
DB00463	0013600
DB00463	0005754
DB00463	0005027
DB00472	0008114
DB00472	0024613
DB00472	0002009
DB00472	0002050
DB00472	0005452
DB00472	0005383
DB00471	0011786
DB00471	0004784
DB00471	0004765
DB11118	0045011
DB11118	0024343
DB11118	0005083
DB11110	0008159
DB11110	0002203
DB11110	0005298
DB00479	0040732
DB00479	0041850
DB00479	0041825
DB00479	0004789
DB00479	0004652
DB00479	0005970
DB00479	0005945
DB00479	0006753
DB00479	0020920
DB00479	0006670
DB00479	0005246
DB00479	0021201
DB00477	0024612
DB00477	0005485
DB00477	0005090
DB00477	0008294
DB00476	0001942
DB00476	0002009
DB00476	0005546
DB00475	0004247
DB00475	0005433
DB00475	0041086
DB00475	0006642
DB00475	0005052
DB00482	0008143
DB00482	0005306
DB00482	0008383
DB00481	0008159
DB00480	0018881
DB00480	0018876
DB11126	0005298
DB12459	0008170
DB12459	0005233
DB00489	0004981
DB00488	0008170
DB00485	0005970
DB00485	0005545
DB00485	0021201
DB00484	0006875
DB00484	0006604
DB00484	0005338
DB00494	0005180
DB00493	0001316
DB00493	0004854
DB00493	0004652
DB00493	0005970
DB00493	0004471
DB00493	0006753
DB00493	0006670
DB00493	0018059
DB00493	0021201
DB00492	0005044
DB00491	0005148
DB00490	0001942
DB12465	0005044
DB11132	0004247
DB11132	0007186
DB00537	0045031
DB00537	0001797
DB00537	0040732
DB00537	0001080
DB00537	0004795
DB00537	0002186
DB00537	0004652
DB00537	0005945
DB00537	0005619
DB00537	0005545
DB00537	0041095
DB00537	0020920
DB00537	0005280
DB00537	0005119
DB00537	0019345
DB00537	0006032
DB00537	0021201
DB00536	0018556
DB00535	0005545
DB00533	0008143
DB00533	0008000
DB00533	0008383
DB00532	0041284
DB00532	0005384
DB00532	0005027
DB00531	0004989
DB00531	0005072
DB00531	0005062
DB00531	0009691
DB00531	0008380
DB00530	0005233
DB00530	0006047
DB00548	0006604
DB00547	0005480
DB00547	0006554
DB00547	0006547
DB00547	0019558
DB00545	0009688
DB00544	0021063
DB00544	0002954
DB00544	0041448
DB00544	0006047
DB00543	0002050
DB00542	0005044
DB00541	0011508
DB00541	0004967
DB00541	0018906
DB00541	0005212
DB00541	0005072
DB00541	0007243
DB00541	0019004
DB00540	0002050
DB12523	0011786
DB12523	0024332
DB00559	0015924
DB00559	0005149
DB00559	0005100
DB00557	0011786
DB00557	0005642
DB00557	0005492
DB00557	0007448
DB00555	0016532
DB00555	0005027
DB00554	0008143
DB00554	0008383
DB00552	0018935
DB00551	0005247
DB00550	0004425
DB00550	0006996
DB00567	0005545
DB00567	0005280
DB00567	0021201
DB00564	0024612
DB00564	0016532
DB00564	0005754
DB00564	0016372
DB00564	0005384
DB00564	0005027
DB00564	0008599
DB00563	0011508
DB00563	0002629
DB00563	0004967
DB00563	0018944
DB00563	0004379
DB00563	0005083
DB00563	0008903
DB00563	0007243
DB00563	0009691
DB00563	0008383
DB00571	0004981
DB00571	0003233
DB00571	0006500
DB00571	0005044
DB00571	0005045
DB00570	0011508
DB00570	0018944
DB00570	0004379
DB00570	0005447
DB00570	0005055
DB00570	0009691
DB13879	0005231
DB13878	0005231
DB13873	0021187
DB13873	0017773
DB13873	0005347
DB13874	0018874
DB00509	0021187
DB00508	0005485
DB01839	0006733
DB00505	0001126
DB00505	0004247
DB00503	0005231
DB00503	0005109
DB00502	0005485
DB00502	0005090
DB00502	0007661
DB00501	0001126
DB00501	0016586
DB00501	0019610
DB00501	0007186
DB00500	0008143
DB00500	0008383
DB00519	0005044
DB00518	0044346
DB00517	0001126
DB00517	0004247
DB00515	0008170
DB00514	0011786
DB00514	0021146
DB00514	0005709
DB00514	0003014
DB00514	0006004
DB00512	0024313
DB00512	0005970
DB00512	0005545
DB00512	0006669
DB00511	0004981
DB00511	0005009
DB00528	0005044
DB00526	0041448
DB00525	0001699
DB00525	0000242
DB00525	0001461
DB00525	0001405
DB00525	0005984
DB00525	0005915
DB00524	0005044
DB00521	0006875
DB00521	0005338
DB00521	0005044
DB00520	0001648
DB00520	0044070
DB09477	0005044
DB09477	0005009
DB11783	0005044
DB09481	0002203
DB09481	0004247
DB09481	0007186
DB09488	0011786
DB09488	0005709
DB09488	0005642
DB09488	0005324
DB09488	0006004
DB11799	0005109
DB11792	0005362
DB11793	0002087
DB11793	0018364
DB09494	0009971
DB11742	0011786
DB11742	0044212
DB11757	0005180
DB11750	0005480
DB11750	0006605
DB09449	0002203
DB11767	0008383
DB09462	0002203
DB11770	0005044
DB11703	0018876
DB11701	0005609
DB11738	0005044
DB11739	0001126
DB11737	0005233
DB09552	0004795
DB09561	0000313
DB09564	0005015
DB09568	0005347
DB09559	0005233
DB11828	0006244
DB11827	0005148
DB11824	0005148
DB11820	0001444
DB09517	0001356
DB09517	0001239
DB11800	0005086
DB11817	0008383
DB11812	0008903
DB09198	0005148
DB09154	0005709
DB09154	0003014
DB09154	0004247
DB09154	0007186
DB09152	0022430
DB09167	0002009
DB09183	0005231
DB09230	0005044
DB09235	0005044
DB00897	0013600
DB00896	0020283
DB00894	0004379
DB00891	0015614
DB09229	0005044
DB12872	0024574
DB11560	0002144
DB09242	0001134
DB09241	0001117
DB09245	0002050
DB09244	0002050
DB09248	0002050
DB09247	0002050
DB09254	0002050
DB09258	0005279
DB11563	0019148
DB09262	0006624
DB09267	0008159
DB09265	0005148
DB11574	0005231
DB11575	0005231
DB00859	0010200
DB00859	0009067
DB00859	0008383
DB00858	0007254
DB00857	0001461
DB00857	0001405
DB00857	0005984
DB00857	0005915
DB00853	0002501
DB00852	0011786
DB00852	0021146
DB00852	0005709
DB00852	0005642
DB00852	0003014
DB00852	0005324
DB00852	0006004
DB00851	0005191
DB00850	0041086
DB00850	0005090
DB12834	0002154
DB12834	0005316
DB00869	0006875
DB00869	0005338
DB00865	0011122
DB00863	0001126
DB00863	0019610
DB00863	0007186
DB00862	0005362
DB00861	0008143
DB00861	0008383
DB09206	0005044
DB00860	0011786
DB00860	0009410
DB00860	0011508
DB00860	0010030
DB00860	0002771
DB00860	0000004
DB00860	0002572
DB00860	0015898
DB00860	0002471
DB00860	0001198
DB00860	0002400
DB00860	0015614
DB00860	0002307
DB00860	0004967
DB00860	0004926
DB00860	0004855
DB00860	0004857
DB00860	0004802
DB00860	0004773
DB00860	0002081
DB00860	0004577
DB00860	0017853
DB00860	0005848
DB00860	0015253
DB00860	0015243
DB00860	0005642
DB00860	0006955
DB00860	0018906
DB00860	0003085
DB00860	0006814
DB00860	0043789
DB00860	0005480
DB00860	0004126
DB00860	0006604
DB00860	0005301
DB00860	0005306
DB00860	0007915
DB00860	0006684
DB00860	0005377
DB00860	0005328
DB00860	0019801
DB00860	0006594
DB00860	0005265
DB00860	0006554
DB00860	0006545
DB00860	0006547
DB00860	0043455
DB00860	0018479
DB00860	0019735
DB00860	0005101
DB00860	0005083
DB00860	0005093
DB00860	0043233
DB00860	0019558
DB00860	0018229
DB00860	0019338
DB00860	0009960
DB00860	0020283
DB00860	0020108
DB00860	0019121
DB00860	0019122
DB00860	0019198
DB00860	0007179
DB00860	0019013
DB00860	0009691
DB00860	0008383
DB09205	0005362
DB09205	0008364
DB00879	0005109
DB00878	0002508
DB00877	0018876
DB00877	0005086
DB00877	0006277
DB00876	0005044
DB09213	0008143
DB09213	0021146
DB09213	0008383
DB00875	0005090
DB09212	0008383
DB00874	0011786
DB00874	0021146
DB00874	0005709
DB00874	0003014
DB09211	0008889
DB00873	0004773
DB00873	0005642
DB00873	0006814
DB00873	0006604
DB00873	0006651
DB00873	0020283
DB00871	0003781
DB00871	0004849
DB00871	0006733
DB00888	0011508
DB00888	0008903
DB00888	0009691
DB09223	0005090
DB00885	0011786
DB00885	0005642
DB00884	0008159
DB00884	0005382
DB00884	0005298
DB09221	0004247
DB09228	0015053
DB00882	0021124
DB00881	0005044
DB00880	0005044
DB00890	0001932
DB00890	0001410
DB12865	0006964
DB12863	0015796
DB12864	0005459
DB00816	0003781
DB00816	0004849
DB00814	0008143
DB00814	0008383
DB00811	0001577
DB00811	0005231
DB00810	0001945
DB00810	0005180
DB00819	0001744
DB00819	0005338
DB00829	0002125
DB00829	0005526
DB00829	0005433
DB00829	0006642
DB00829	0005027
DB00828	0005247
DB00827	0005247
DB00825	0024343
DB00825	0005915
DB00820	0005362
DB00820	0005149
DB00820	0010811
DB00839	0005148
DB00838	0005480
DB00838	0006554
DB00838	0006547
DB00838	0019558
DB00835	0011786
DB00835	0005642
DB00835	0005492
DB00835	0005324
DB00835	0007448
DB00835	0006004
DB00834	0041526
DB00833	0002258
DB00833	0005545
DB00833	0005247
DB00833	0005249
DB00833	0021201
DB00832	0005027
DB00831	0005090
DB00830	0011122
DB00849	0005754
DB00849	0005027
DB00848	0005645
DB00848	0005654
DB00847	0016239
DB00846	0005480
DB00846	0006554
DB00846	0006547
DB00846	0019558
DB00845	0041751
DB00845	0018824
DB00845	0005124
DB00842	0006642
DB12829	0006052
DB00804	0005052
DB00803	0004795
DB00803	0020920
DB00800	0001133
DB00809	0005555
DB00808	0005044
DB09270	0005009
DB11591	0011786
DB11591	0005492
DB09274	0005920
DB09274	0005921
DB09279	0005044
DB09276	0008383
DB11586	0005231
DB09281	0004247
DB09281	0007186
DB09287	0002203
DB09287	0006733
DB11596	0001700
DB09297	0005231
DB09296	0005231
DB09299	0005109
DB09351	0006875
DB09351	0005338
DB09350	0001794
DB09350	0003482
DB09350	0003471
DB09353	0024343
DB09357	0002406
DB09357	0004568
DB09357	0041008
DB09357	0005093
DB11660	0006875
DB11660	0005338
DB09389	0008159
DB11698	0005148
DB00979	0005555
DB00978	0003781
DB00978	0005247
DB00977	0008159
DB00977	0001932
DB00977	0001410
DB00976	0025598
DB00976	0005972
DB00976	0005867
DB00975	0004981
DB00974	0001566
DB00973	0021187
DB00973	0018328
DB00973	0008863
DB09310	0013187
DB00972	0011786
DB00972	0005642
DB00972	0005324
DB00972	0006004
DB00971	0024343
DB00971	0005915
DB00970	0018944
DB00970	0005447
DB00970	0005212
DB00970	0019004
DB11626	0018078
DB11622	0004868
DB11622	0002203
DB11620	0005298
DB11620	0043455
DB00988	0001945
DB00988	0005468
DB00988	0005180
DB00987	0012883
DB00987	0004967
DB00987	0018874
DB00986	0004247
DB00986	0005002
DB09321	0001461
DB09321	0001405
DB09321	0004872
DB09321	0005984
DB09321	0005915
DB09321	0005538
DB09321	0006547
DB00983	0004849
DB00983	0004784
DB00983	0004765
DB00982	0005044
DB00981	0005338
DB09325	0024298
DB09324	0004789
DB09324	0005945
DB09324	0005545
DB09324	0020920
DB09324	0021201
DB11637	0041806
DB11638	0005136
DB11635	0001751
DB11633	0005657
DB11633	0019136
DB11632	0005180
DB11630	0005586
DB11630	0005096
DB00999	0005044
DB00998	0008000
DB00997	0008170
DB00997	0011508
DB00997	0002629
DB00997	0004989
DB00997	0004967
DB00997	0002108
DB00997	0018906
DB00997	0004379
DB00997	0018874
DB00997	0005072
DB00997	0005055
DB00997	0008903
DB00997	0007243
DB00997	0008433
DB00997	0019004
DB00996	0041052
DB00996	0005391
DB00995	0008383
DB00994	0001711
DB00994	0001548
DB00994	0002307
DB00994	0004795
DB00994	0003085
DB00994	0005247
DB00994	0020283
DB00993	0008383
DB00991	0008143
DB00991	0008383
DB11644	0019065
DB12975	0005920
DB12975	0005921
DB11642	0021107
DB11640	0018556
DB09345	0001461
DB09345	0001405
DB09345	0004872
DB09345	0004795
DB09345	0005984
DB09345	0005538
DB09345	0006547
DB09343	0021063
DB11656	0004966
DB11656	0004247
DB00939	0008143
DB00939	0008383
DB00938	0004849
DB00938	0004784
DB00938	0004765
DB00937	0011122
DB00936	0011786
DB00936	0008143
DB00936	0045011
DB00936	0001795
DB00936	0024343
DB00936	0001461
DB00936	0002400
DB00936	0005984
DB00936	0005709
DB00936	0008383
DB00934	0002050
DB00934	0041086
DB00933	0005090
DB00932	0005109
DB00949	0016532
DB00949	0005027
DB00948	0000265
DB00948	0001080
DB00948	0004277
DB00948	0004264
DB00948	0005247
DB00948	0021201
DB00946	0000831
DB00946	0005068
DB00945	0008143
DB00945	0021146
DB00945	0008000
DB00945	0005709
DB00945	0005068
DB00945	0008383
DB00943	0005109
DB00942	0005180
DB00940	0001126
DB00940	0004247
DB00959	0011786
DB00959	0009410
DB00959	0011508
DB00959	0024332
DB00959	0000004
DB00959	0002572
DB00959	0015898
DB00959	0002471
DB00959	0001198
DB00959	0002400
DB00959	0015614
DB00959	0004967
DB00959	0004855
DB00959	0004857
DB00959	0002081
DB00959	0005848
DB00959	0015253
DB00959	0006955
DB00959	0018906
DB00959	0042458
DB00959	0043789
DB00959	0005480
DB00959	0004126
DB00959	0005301
DB00959	0005306
DB00959	0007915
DB00959	0006684
DB00959	0005377
DB00959	0005324
DB00959	0005328
DB00959	0019801
DB00959	0006594
DB00959	0005265
DB00959	0006554
DB00959	0006545
DB00959	0006547
DB00959	0043455
DB00959	0018479
DB00959	0005083
DB00959	0005093
DB00959	0043233
DB00959	0019558
DB00959	0019338
DB00959	0009960
DB00959	0020108
DB00959	0019122
DB00959	0007179
DB00959	0019013
DB00959	0009691
DB00959	0008383
DB00958	0008170
DB00957	0008159
DB00957	0001932
DB00957	0001410
DB00956	0011786
DB00956	0005709
DB00956	0003014
DB00954	0003781
DB00954	0002258
DB00954	0005867
DB00954	0005545
DB00954	0005249
DB00954	0021201
DB00953	0008000
DB00952	0008000
DB00951	0040753
DB00951	0006052
DB00950	0011786
DB00950	0005642
DB00950	0005324
DB00950	0044212
DB11608	0010604
DB12930	0002050
DB00968	0005044
DB00967	0011786
DB00967	0005709
DB00967	0005642
DB00967	0005324
DB00967	0006526
DB00967	0006004
DB00967	0044212
DB00966	0005098
DB00966	0005044
DB00964	0005338
DB00962	0024376
DB00960	0005044
DB09304	0002050
DB09303	0015905
DB09303	0018328
DB09302	0015905
DB11613	0005231
DB11614	0011786
DB11614	0005492
DB11611	0006733
DB00905	0001334
DB00905	0006875
DB00905	0005338
DB00902	0011786
DB00902	0005642
DB00902	0005492
DB00902	0007448
DB00902	0019013
DB00901	0003781
DB00901	0004822
DB00901	0004849
DB00900	0005109
DB00908	0004981
DB00908	0005136
DB00917	0041526
DB00916	0000918
DB00916	0024412
DB00916	0024389
DB00916	0002154
DB00916	0006604
DB00916	0005316
DB00916	0006669
DB00916	0021201
DB00915	0001945
DB00915	0005180
DB00912	0005148
DB00911	0002154
DB00911	0005316
DB00919	0001080
DB00919	0004277
DB00918	0008000
DB00928	0018881
DB00927	0001126
DB00927	0006896
DB00927	0019610
DB00927	0007186
DB00922	0005009
DB00921	0005530
DB00920	0005642
DB06043	0018078
DB06016	0024612
DB06016	0005090
DB06014	0010679
DB08626	0000257
DB11989	0001444
DB11988	0000451
DB11992	0005148
DB11945	0019210
DB11950	0005148
DB11964	0004247
DB11964	0007186
DB11901	0008315
DB11915	0010096
DB11929	0005231
DB11921	0010679
DB08941	0011057
DB08941	0005385
DB08941	0008364
DB08934	0005231
DB08933	0001461
DB08933	0001405
DB08933	0005984
DB08932	0015924
DB08936	0011786
DB08936	0005709
DB08936	0005642
DB08936	0005324
DB08936	0006004
DB07615	0011786
DB07615	0005348
DB08949	0019975
DB08962	0005148
DB08961	0005009
DB07637	0004425
DB08902	0016595
DB08900	0015183
DB08906	0011786
DB08905	0004379
DB08904	0005306
DB08904	0009960
DB08904	0008383
DB08903	0041806
DB08903	0006052
DB08909	0004739
DB08908	0005314
DB08907	0005148
DB08913	0008315
DB08912	0005191
DB08911	0005191
DB08917	0001356
DB08918	0002009
DB08931	0015924
DB08931	0013024
DB08930	0005109
DB08922	0005090
DB06366	0006244
DB06372	0016168
DB08980	0024644
DB08984	0008143
DB08993	0006052
DB06335	0005148
DB05015	0000430
DB08998	0002050
DB05016	0010679
DB05018	0010526
DB06401	0008159
DB06412	0015909
DB06412	0015253
DB06402	0041879
DB06402	0004652
DB06403	0015924
DB06415	0009971
DB06413	0021107
DB06414	0005109
DB05197	0001126
DB06480	0002203
DB05168	0018364
DB05109	0008170
DB05109	0005060
DB05109	0005058
DB06439	0009971
DB06470	0013600
DB06470	0005433
DB07402	0008143
DB07402	0005306
DB07402	0008383
DB06168	0016168
DB06168	0007727
DB06168	0019434
DB06168	0018088
DB06176	0000430
DB06186	0005191
DB06193	0011508
DB06196	0019623
DB08795	0024355
DB08799	0011786
DB08799	0005642
DB08799	0005492
DB08799	0007448
DB08799	0006004
DB08797	0021146
DB06144	0005090
DB06147	0007019
DB06148	0002009
DB07477	0008143
DB06151	0003781
DB06151	0004822
DB06151	0018741
DB06151	0019065
DB06155	0011122
DB06152	0005385
DB06149	0024313
DB08816	0005542
DB08815	0024613
DB08815	0005090
DB08819	0006875
DB08819	0005338
DB08823	0003471
DB08822	0005044
DB08828	0005341
DB08827	0018328
DB08826	0019402
DB08841	0021187
DB08836	0005044
DB08806	0001126
DB08806	0019610
DB08806	0007186
DB08808	0005041
DB08808	0005044
DB06282	0011786
DB06282	0005324
DB06282	0044212
DB06285	0008159
DB06290	0005231
DB06292	0005148
DB06243	0005459
DB06237	0005362
DB08899	0008315
DB06255	0005298
DB06255	0043455
DB06268	0015924
DB06266	0008903
DB06267	0005362
DB06273	0015564
DB06273	0008383
DB06202	0008159
DB08865	0005233
DB06203	0005148
DB08864	0005109
DB06201	0016532
DB08871	0005060
DB08875	0015277
DB08875	0005086
DB06211	0006939
DB06212	0006802
DB08873	0005231
DB06207	0010811
DB08868	0005314
DB08867	0007886
DB06209	0005542
DB08882	0005148
DB08880	0005301
DB08880	0008383
DB08886	0004967
DB08885	0004728
DB08885	0041448
DB08885	0005417
DB08885	0041093
DB06217	0004981
DB08879	0007915
DB06215	0001356
DB06216	0024612
DB06216	0005090
DB08877	0020076
DB06219	0021201
DB08890	0005052
DB08893	0006624
DB08897	0005002
DB08896	0011719
DB08896	0041448
DB08895	0008383
DB06760	0009114
DB06761	0009971
DB06756	0004737
DB06756	0006032
DB06759	0000878
DB06774	0041052
DB06774	0021667
DB06767	0005709
DB06768	0005480
DB06768	0006554
DB06768	0006547
DB06766	0005642
DB06769	0018906
DB06786	0005480
DB06786	0006554
DB06786	0006547
DB06786	0019558
DB06783	0041996
DB06777	0012672
DB06791	0019933
DB06791	0020479
DB06794	0002313
DB06794	0019085
DB06788	0000088
DB06710	0009421
DB06715	0011786
DB06715	0005709
DB06718	0019623
DB06723	0001126
DB06723	0004247
DB06723	0007186
DB06736	0008143
DB06736	0006763
DB06736	0005306
DB06736	0008383
DB06701	0005302
DB06702	0006624
DB06700	0002009
DB06708	0005920
DB04145	0021187
DB04145	0019975
DB04145	0007972
DB06799	0005247
DB05578	0005233
DB05578	0005036
DB05521	0005231
DB05528	0018328
DB06811	0008638
DB06810	0005447
DB06815	0024343
DB06813	0000430
DB06817	0005109
DB06823	0009067
DB06820	0001461
DB06820	0001405
DB06820	0005984
DB06820	0005915
DB06826	0006875
DB06826	0005338
DB06824	0010200
DB06824	0005086
DB04272	0021146
DB05271	0005391
DB05271	0005180
DB05295	0005298
DB05294	0015075
DB05229	0015924
DB05246	0005027
DB05239	0005191
DB06590	0041879
DB06590	0005972
DB06590	0005945
DB06590	0005545
DB06590	0020920
DB06594	0002009
DB06595	0018874
DB06595	0020333
DB06595	0020334
DB05265	0004247
DB05259	0005301
DB06589	0005086
DB06589	0018078
DB06643	0008159
DB06643	0024650
DB06643	0005298
DB05311	0019623
DB06637	0005301
DB06654	0005180
DB05316	0005180
DB06655	0005148
DB06674	0005306
DB06674	0005101
DB06674	0008383
DB05336	0016595
DB06602	0004802
DB06612	0004802
DB06616	0006115
DB06626	0005086
DB05351	0004247
DB05351	0007186
DB06684	0002009
DB06685	0005314
DB06691	0011786
DB06691	0005709
DB06691	0005642
DB06691	0005492
DB06691	0005324
DB06691	0007448
DB06691	0006004
DB06698	0007972
DB05381	0008143
DB05381	0018874
